Date,Open,High,Low,Close,Volume,Ticker,Sentiment_Reddit
2024-04-01,170.16233265286536,170.22197004043582,168.46259127116116,169.00929260253906,46240500,AAPL,0.0
2024-04-02,168.0649959882119,168.3234297194346,167.22009256480143,167.82643127441406,49329500,AAPL,0.0
2024-04-03,167.7767233727702,169.6553768320082,167.56799252573734,168.63156127929688,47691700,AAPL,0.0
2024-04-04,169.26771043200742,170.8879300889726,167.80654907226562,167.80654907226562,53704400,AAPL,0.0
2024-04-05,168.5719309687928,169.36713152382467,167.9357735582051,168.56199645996094,42055200,AAPL,0.0
2024-04-08,168.01528647300387,168.18426411757292,167.23003563445502,167.4387664794922,37425500,AAPL,0.0
2024-04-09,167.6872804964856,169.05900112515698,167.33939066831408,168.65145874023438,42451200,AAPL,0.0
2024-04-10,167.78669305483746,168.0749455051257,166.10683573391543,166.77281188964844,49709300,AAPL,0.0
2024-04-11,167.3294357885208,174.4067040844594,167.1505236254001,173.9892120361328,91070300,AAPL,0.0
2024-04-12,173.21389665591337,177.28929006742356,173.16420894399843,175.4901580810547,101593300,AAPL,0.0
2024-04-15,174.30730560539226,175.5696859775952,171.4644737242048,171.65333557128906,73531800,AAPL,0.0
2024-04-16,170.71895735574867,172.71688554496447,167.2598525976239,168.36318969726562,73711200,AAPL,0.0
2024-04-17,168.59180586766368,169.62555591523414,166.99147033691406,166.99147033691406,50901200,AAPL,0.0
2024-04-18,167.02129381245496,167.62763251332663,165.55018268321453,166.0372314453125,43122900,AAPL,0.0
2024-04-19,165.21221853676252,165.40106519259456,163.0950004513954,164.0094757080078,67772100,AAPL,0.0
2024-04-22,164.52636553527142,166.2559103754066,163.78086788564391,164.8444366455078,48116400,AAPL,0.0
2024-04-23,164.3573882766078,166.0471799196536,163.92996173620628,165.8980712890625,49537800,AAPL,0.0
2024-04-24,165.540232667877,168.2836737462142,165.21222704669103,168.00535583496094,48251800,AAPL,0.0
2024-04-25,168.51229295621184,169.58581142644354,167.14057238305094,168.87013244628906,50558300,AAPL,0.0
2024-04-26,168.86018085141623,170.31140768247312,168.16437095925713,168.28366088867188,44838400,AAPL,0.0
2024-04-29,172.32924112310414,174.97327656975762,172.06087287514865,172.45846557617188,68169400,AAPL,0.0
